{"info":{"year":"2023","version":"1","description":"Exported from roboflow.ai","contributor":"","url":"https://public.roboflow.ai/object-detection/undefined","date_created":"2023-06-19T01:59:46+00:00"},"licenses":[{"id":1,"url":"https://creativecommons.org/licenses/by/4.0/","name":"CC BY 4.0"}],"categories":[{"id":0,"name":"apples","supercategory":"none"},{"id":1,"name":"green apple","supercategory":"apples"},{"id":2,"name":"red apple","supercategory":"apples"}],"images":[{"id":0,"license":1,"file_name":"11_-_png.rf.65a64376ed7d8dfe9d23950a17312db3.jpg","height":640,"width":640,"date_captured":"2023-06-19T01:59:46+00:00"}],"annotations":[{"id":0,"image_id":0,"category_id":1,"bbox":[29,80,566,529],"area":299414,"segmentation":[],"iscrowd":0}]}